{"stats":{"minecraft:picked_up":{"minecraft:cooked_chicken":1},"minecraft:used":{"minecraft:cooked_chicken":4},"minecraft:dropped":{"minecraft:cooked_chicken":1},"minecraft:mined":{"minecraft:birch_leaves":1},"minecraft:custom":{"minecraft:open_barrel":10,"minecraft:open_chest":2,"minecraft:time_since_rest":16608,"minecraft:damage_dealt":36,"minecraft:crouch_one_cm":357,"minecraft:leave_game":4,"minecraft:play_time":16608,"minecraft:sprint_one_cm":130188,"minecraft:damage_taken":25,"minecraft:time_since_death":16608,"minecraft:walk_one_cm":82721,"minecraft:sneak_time":102,"minecraft:total_world_time":16608,"minecraft:fall_one_cm":269,"minecraft:drop":1,"minecraft:fly_one_cm":66431,"minecraft:jump":350}},"DataVersion":2730}