{"stats":{"minecraft:picked_up":{"minecraft:baked_potato":62},"minecraft:used":{"minecraft:baked_potato":4,"minecraft:rabbit":2},"minecraft:custom":{"minecraft:jump":216,"minecraft:time_since_rest":12137,"minecraft:damage_dealt":139,"minecraft:crouch_one_cm":2665,"minecraft:leave_game":2,"minecraft:play_time":12137,"minecraft:sprint_one_cm":50388,"minecraft:damage_taken":170,"minecraft:time_since_death":12137,"minecraft:walk_one_cm":83281,"minecraft:sneak_time":943,"minecraft:climb_one_cm":322,"minecraft:total_world_time":12137,"minecraft:fall_one_cm":928,"minecraft:fly_one_cm":31577,"minecraft:player_kills":1,"minecraft:open_barrel":32}},"DataVersion":2730}