{"stats":{"minecraft:picked_up":{"minecraft:andesite":2,"minecraft:chain":1,"minecraft:dirt":5,"minecraft:podzol":64,"minecraft:apple":4,"minecraft:spruce_planks":1,"minecraft:spruce_slab":1,"minecraft:birch_sapling":65,"minecraft:dark_oak_sapling":2,"minecraft:oak_slab":1,"minecraft:stick":3,"minecraft:stone":2,"minecraft:light_blue_glazed_terracotta":1,"minecraft:spruce_sapling":4,"minecraft:grass_block":6,"minecraft:stone_pressure_plate":2,"minecraft:polished_andesite":1,"minecraft:command_block":4,"minecraft:soul_lantern":1,"minecraft:bone_meal":2,"minecraft:oak_sapling":18,"minecraft:oak_leaves":1},"minecraft:dropped":{"minecraft:birch_leaves":64,"minecraft:light_blue_glazed_terracotta":1,"minecraft:loom":1,"minecraft:light_blue_concrete":1,"minecraft:polished_andesite":2,"minecraft:dark_oak_leaves":64,"minecraft:gray_terracotta":1,"minecraft:light_blue_stained_glass":1,"minecraft:polished_andesite_stairs":1,"minecraft:spruce_slab":2,"minecraft:oak_leaves":64},"minecraft:custom":{"minecraft:inspect_hopper":4,"minecraft:open_barrel":4,"minecraft:interact_with_loom":5,"minecraft:pot_flower":2,"minecraft:leave_game":11,"minecraft:time_since_death":259410,"minecraft:climb_one_cm":1877,"minecraft:time_since_rest":259442,"minecraft:sprint_one_cm":166324,"minecraft:damage_taken":20,"minecraft:walk_one_cm":354635,"minecraft:drop":13,"minecraft:interact_with_beacon":2,"minecraft:fly_one_cm":1975019,"minecraft:crouch_one_cm":56139,"minecraft:play_time":280078,"minecraft:deaths":2,"minecraft:sneak_time":21677,"minecraft:walk_under_water_one_cm":240,"minecraft:jump":1128,"minecraft:walk_on_water_one_cm":1149,"minecraft:total_world_time":280078,"minecraft:fall_one_cm":406},"minecraft:used":{"minecraft:cobbled_deepslate_wall":5,"minecraft:calcite":248,"minecraft:deepslate_brick_wall":2,"minecraft:quartz_bricks":52,"minecraft:warped_stem":55,"minecraft:brick_wall":55,"minecraft:cobblestone_stairs":2,"minecraft:light_blue_glazed_terracotta":263,"minecraft:dirt_path":9,"minecraft:polished_deepslate":42,"minecraft:chiseled_deepslate":18,"minecraft:flint_and_steel":4,"minecraft:cracked_deepslate_bricks":4,"minecraft:birch_leaves":50,"minecraft:polished_andesite":388,"minecraft:polished_blackstone":49,"minecraft:dispenser":1,"minecraft:spruce_slab":18,"minecraft:redstone":9,"minecraft:oak_planks":268,"minecraft:ladder":6,"minecraft:oak_sign":8,"minecraft:white_concrete_powder":8,"minecraft:stripped_warped_stem":60,"minecraft:spruce_planks":26,"minecraft:chest":8,"minecraft:white_terracotta":308,"minecraft:stone":757,"minecraft:clay":2,"minecraft:diamond_axe":18,"minecraft:beacon":15,"minecraft:stripped_birch_wood":133,"minecraft:cobblestone_slab":2,"minecraft:deepslate_bricks":48,"minecraft:white_wool":26,"minecraft:smooth_quartz_stairs":9,"minecraft:oak_leaves":181,"minecraft:oak_door":3,"minecraft:polished_deepslate_slab":29,"minecraft:dirt":3,"minecraft:lime_terracotta":15,"minecraft:warped_wart_block":42,"minecraft:yellow_terracotta":229,"minecraft:comparator":9,"minecraft:white_carpet":13,"minecraft:light_blue_concrete":19,"minecraft:oak_slab":186,"minecraft:hopper":25,"minecraft:loom":106,"minecraft:magenta_bed":2,"minecraft:brick_slab":28,"minecraft:cobblestone_wall":3,"minecraft:deepslate_tile_slab":36,"minecraft:stone_stairs":6,"minecraft:warped_door":1,"minecraft:deepslate_brick_slab":23,"minecraft:piston":13,"minecraft:cobbled_deepslate_stairs":7,"minecraft:light_blue_stained_glass":2,"minecraft:warped_planks":53,"minecraft:deepslate_brick_stairs":11,"minecraft:polished_deepslate_stairs":9,"minecraft:flower_pot":2,"minecraft:lightning_rod":41,"minecraft:light_blue_candle":2,"minecraft:deepslate_tile_wall":6,"minecraft:deepslate_tiles":34,"minecraft:mossy_cobblestone_stairs":1,"minecraft:oak_log":225,"minecraft:gray_terracotta":173,"minecraft:lever":3,"minecraft:stripped_dark_oak_wood":18,"minecraft:sea_lantern":4,"minecraft:black_concrete":30,"minecraft:warped_trapdoor":5,"minecraft:bricks":808,"minecraft:rooted_dirt":12,"minecraft:dark_oak_log":5,"minecraft:birch_slab":25,"minecraft:grass_block":53,"minecraft:lantern":4,"minecraft:oak_stairs":17,"minecraft:brick_stairs":63,"minecraft:spruce_button":6,"minecraft:birch_sapling":24,"minecraft:stone_button":7,"minecraft:polished_deepslate_wall":2,"minecraft:spruce_pressure_plate":6,"minecraft:dark_oak_leaves":36,"minecraft:stone_slab":6,"minecraft:spruce_trapdoor":18,"minecraft:smooth_quartz":7,"minecraft:deepslate":64,"minecraft:gravel":17,"minecraft:polished_andesite_slab":2,"minecraft:barrel":24,"minecraft:stone_bricks":36,"minecraft:soul_lantern":7,"minecraft:smooth_basalt":3,"minecraft:bedrock":5,"minecraft:cobbled_deepslate_slab":21,"minecraft:stripped_oak_wood":111,"minecraft:oak_sapling":151,"minecraft:deepslate_tile_stairs":11,"minecraft:podzol":22,"minecraft:andesite":7,"minecraft:andesite_stairs":1,"minecraft:chain":13,"minecraft:glass_pane":26,"minecraft:black_candle":4,"minecraft:stone_pressure_plate":5,"minecraft:coarse_dirt":24,"minecraft:white_concrete":110,"minecraft:cobbled_deepslate":41,"minecraft:bone_meal":58,"minecraft:dark_oak_sapling":38},"minecraft:mined":{"minecraft:grass_block":2,"minecraft:dirt":1}},"DataVersion":2865}