{"stats":{"minecraft:used":{"minecraft:cooked_chicken":4},"minecraft:custom":{"minecraft:open_barrel":8,"minecraft:open_chest":3,"minecraft:time_since_rest":16367,"minecraft:inspect_hopper":1,"minecraft:damage_dealt":55,"minecraft:crouch_one_cm":1161,"minecraft:leave_game":2,"minecraft:play_time":16367,"minecraft:sprint_one_cm":169070,"minecraft:damage_taken":46,"minecraft:time_since_death":16367,"minecraft:walk_one_cm":49981,"minecraft:sneak_time":33,"minecraft:total_world_time":16367,"minecraft:climb_one_cm":628,"minecraft:fall_one_cm":546,"minecraft:fly_one_cm":46378,"minecraft:jump":230}},"DataVersion":2730}