{"stats":{"minecraft:killed_by":{"minecraft:player":1,"minecraft:wither_skeleton":1},"minecraft:dropped":{"minecraft:bread":5,"minecraft:glass_bottle":1,"minecraft:bucket":1},"minecraft:custom":{"minecraft:mob_kills":1,"minecraft:inspect_hopper":3,"minecraft:open_barrel":79,"minecraft:fill_cauldron":2,"minecraft:leave_game":38,"minecraft:time_since_death":1989,"minecraft:climb_one_cm":8587,"minecraft:sprint_one_cm":1065000,"minecraft:walk_one_cm":1714401,"minecraft:drop":7,"minecraft:play_time":651892,"minecraft:deaths":12,"minecraft:sneak_time":30808,"minecraft:walk_under_water_one_cm":108693,"minecraft:jump":3999,"minecraft:interact_with_blast_furnace":1,"minecraft:walk_on_water_one_cm":122894,"minecraft:total_world_time":651892,"minecraft:interact_with_furnace":2,"minecraft:pot_flower":15,"minecraft:time_since_rest":2013,"minecraft:damage_taken":11498,"minecraft:trigger_trapped_chest":3,"minecraft:damage_dealt":350,"minecraft:swim_one_cm":25682,"minecraft:fly_one_cm":6532919,"minecraft:open_chest":20,"minecraft:crouch_one_cm":59624,"minecraft:fall_one_cm":41000,"minecraft:inspect_dispenser":2},"minecraft:picked_up":{"minecraft:wooden_axe":1,"minecraft:iron_chestplate":1,"minecraft:potion":1,"minecraft:shield":1,"minecraft:iron_leggings":1,"minecraft:item_frame":2,"minecraft:iron_boots":1,"minecraft:golden_helmet":1,"minecraft:oak_door":1,"minecraft:torch":2,"minecraft:redstone":1,"minecraft:stone_pressure_plate":1,"minecraft:brown_carpet":1,"minecraft:stone_sword":1,"minecraft:honey_bottle":1,"minecraft:filled_map":2,"minecraft:bone":6,"minecraft:cooked_chicken":7,"minecraft:scaffolding":61,"minecraft:milk_bucket":1,"minecraft:dandelion":1,"minecraft:spruce_door":3,"minecraft:yellow_carpet":2,"minecraft:slime_ball":1,"minecraft:diamond":1699,"minecraft:polished_blackstone_button":4,"minecraft:iron_helmet":1,"minecraft:bread":2,"minecraft:oak_sapling":1,"minecraft:baked_potato":4,"minecraft:light_gray_carpet":2,"minecraft:coal":1},"minecraft:used":{"minecraft:beetroot":1,"minecraft:petrified_oak_slab":2,"minecraft:iron_bars":12,"minecraft:polished_deepslate":736,"minecraft:chiseled_deepslate":6,"minecraft:spruce_slab":504,"minecraft:redstone":10,"minecraft:oak_sign":69,"minecraft:ladder":10,"minecraft:light_gray_carpet":7,"minecraft:spruce_planks":114,"minecraft:chest":5,"minecraft:stone":610,"minecraft:zombie_spawn_egg":41,"minecraft:wither_skeleton_spawn_egg":47,"minecraft:quartz_stairs":64,"minecraft:stripped_birch_wood":9,"minecraft:cooked_salmon":1,"minecraft:player_head":2,"minecraft:sandstone_wall":316,"minecraft:cooked_chicken":2,"minecraft:oak_door":1,"minecraft:iron_chestplate":2,"minecraft:cut_copper_stairs":48,"minecraft:debug_stick":101,"minecraft:torch":13,"minecraft:dirt":86,"minecraft:hopper":2,"minecraft:brick_slab":7,"minecraft:jungle_planks":1,"minecraft:yellow_carpet":12,"minecraft:pink_carpet":10,"minecraft:tuff":29,"minecraft:spruce_fence":24,"minecraft:cyan_wool":7,"minecraft:milk_bucket":1,"minecraft:polished_diorite":9,"minecraft:honey_bottle":2,"minecraft:birch_door":23,"minecraft:jungle_sapling":22,"minecraft:glass":51,"minecraft:dark_oak_planks":116,"minecraft:sea_lantern":525,"minecraft:lava_bucket":150,"minecraft:netherite_shovel":15,"minecraft:bricks":585,"minecraft:bookshelf":3,"minecraft:quartz_slab":2,"minecraft:lantern":7,"minecraft:iron_block":6,"minecraft:grass_block":44,"minecraft:rooted_dirt":28,"minecraft:birch_sapling":346,"minecraft:brick_stairs":28,"minecraft:iron_helmet":1,"minecraft:netherite_hoe":8,"minecraft:iron_boots":2,"minecraft:stone_brick_stairs":10,"minecraft:item_frame":2,"minecraft:smooth_basalt":152,"minecraft:bedrock":4,"minecraft:light_gray_wool":5,"minecraft:tripwire_hook":5,"minecraft:birch_trapdoor":23,"minecraft:glowstone":3,"minecraft:repeater":23,"minecraft:brown_carpet":8,"minecraft:snow":92,"minecraft:scaffolding":159,"minecraft:iron_trapdoor":18,"minecraft:oak_sapling":256,"minecraft:oxidized_cut_copper_stairs":2,"minecraft:trapped_chest":3,"minecraft:stone_pressure_plate":40,"minecraft:red_dye":3,"minecraft:cobbled_deepslate":7,"minecraft:orange_terracotta":86,"minecraft:brown_concrete_powder":11,"minecraft:iron_leggings":2,"minecraft:pointed_dripstone":4,"minecraft:calcite":290,"minecraft:wheat_seeds":8,"minecraft:quartz_bricks":23,"minecraft:water_bucket":401,"minecraft:diorite":2,"minecraft:end_stone_bricks":11,"minecraft:brick_wall":16,"minecraft:sandstone_stairs":1,"minecraft:spruce_door":5,"minecraft:wither_skeleton_skull":5,"minecraft:birch_planks":9,"minecraft:cut_copper_slab":26,"minecraft:gray_carpet":1,"minecraft:polished_andesite":75,"minecraft:baked_potato":10,"minecraft:red_nether_bricks":5,"minecraft:sandstone":1705,"minecraft:cut_sandstone":140,"minecraft:redstone_block":1,"minecraft:cauldron":1,"minecraft:blue_bed":1,"minecraft:glow_ink_sac":3,"minecraft:vindicator_spawn_egg":8,"minecraft:deepslate_bricks":854,"minecraft:polished_blackstone_bricks":157,"minecraft:oak_leaves":83,"minecraft:polished_blackstone_pressure_plate":3,"minecraft:diamond_block":1,"minecraft:orange_carpet":183,"minecraft:comparator":1,"minecraft:light_blue_concrete":86,"minecraft:dark_prismarine_slab":658,"minecraft:tnt":18,"minecraft:light_gray_terracotta":430,"minecraft:chiseled_quartz_block":1,"minecraft:dripstone_block":444,"minecraft:gray_concrete":30,"minecraft:painting":28,"minecraft:warped_planks":62,"minecraft:redstone_torch":2,"minecraft:creeper_spawn_egg":290,"minecraft:deepslate_tiles":919,"minecraft:oak_log":17,"minecraft:dark_prismarine":346,"minecraft:lever":7,"minecraft:wooden_hoe":18,"minecraft:flower_pot":15,"minecraft:black_concrete":191,"minecraft:apple":1,"minecraft:command_block":57,"minecraft:cyan_bed":6,"minecraft:bread":5,"minecraft:string":1,"minecraft:barrier":64,"minecraft:cyan_carpet":123,"minecraft:stone_button":13,"minecraft:stone_slab":52,"minecraft:spruce_sapling":21,"minecraft:polished_andesite_slab":10,"minecraft:soul_lantern":2,"minecraft:golden_helmet":1,"minecraft:stone_axe":2,"minecraft:blue_carpet":1,"minecraft:chiseled_stone_bricks":13,"minecraft:coal_block":1,"minecraft:cobblestone":3,"minecraft:potion":7,"minecraft:purple_bed":2,"minecraft:red_concrete_powder":57,"minecraft:grindstone":2,"minecraft:waxed_oxidized_cut_copper_stairs":23,"minecraft:glass_pane":168,"minecraft:yellow_bed":6,"minecraft:smooth_stone_slab":68,"minecraft:waxed_cut_copper_stairs":32,"minecraft:polished_blackstone_button":30,"minecraft:white_concrete":156,"minecraft:coarse_dirt":17,"minecraft:warped_button":1,"minecraft:bone_meal":381,"minecraft:smooth_stone":134,"minecraft:gray_stained_glass":8}},"DataVersion":2865}