{"stats":{"minecraft:picked_up":{"minecraft:red_concrete_powder":1,"minecraft:turtle_helmet":1,"minecraft:brown_shulker_box":1},"minecraft:used":{"minecraft:birch_door":4,"minecraft:tripwire_hook":1,"minecraft:lever":5,"minecraft:dark_oak_planks":54,"minecraft:birch_trapdoor":13,"minecraft:sea_lantern":28,"minecraft:anvil":1,"minecraft:iron_trapdoor":3,"minecraft:red_concrete_powder":54,"minecraft:armor_stand":1,"minecraft:cyan_bed":2,"minecraft:chest":1,"minecraft:painting":4,"minecraft:brown_shulker_box":1,"minecraft:quartz_stairs":3},"minecraft:custom":{"minecraft:open_chest":10,"minecraft:time_since_rest":43798,"minecraft:open_shulker_box":2,"minecraft:crouch_one_cm":489,"minecraft:play_time":43798,"minecraft:sprint_one_cm":2767,"minecraft:damage_taken":30,"minecraft:walk_one_cm":11841,"minecraft:sneak_time":417,"minecraft:interact_with_anvil":7,"minecraft:drop":1,"minecraft:jump":45,"minecraft:leave_game":1,"minecraft:time_since_death":43798,"minecraft:total_world_time":43798,"minecraft:fall_one_cm":1157,"minecraft:fly_one_cm":23478},"minecraft:dropped":{"minecraft:turtle_helmet":1}},"DataVersion":2865}