{"stats":{"minecraft:picked_up":{"minecraft:polished_andesite":64,"minecraft:item_frame":65,"minecraft:light_blue_terracotta":64,"minecraft:gray_terracotta":1,"minecraft:gray_stained_glass":64,"minecraft:filled_map":129},"minecraft:used":{"minecraft:stone_brick_stairs":6,"minecraft:brown_terracotta":4,"minecraft:item_frame":56,"minecraft:gray_terracotta":469,"minecraft:pink_concrete":20,"minecraft:green_concrete":18,"minecraft:light":108,"minecraft:purple_concrete":38,"minecraft:lime_concrete":32,"minecraft:light_blue_concrete":36,"minecraft:orange_concrete":38,"minecraft:red_concrete":57,"minecraft:command_block":1,"minecraft:grass_block":6,"minecraft:loom":4,"minecraft:iron_block":1,"minecraft:polished_andesite":205,"minecraft:stone_button":1,"minecraft:yellow_concrete":38,"minecraft:light_blue_terracotta":441,"minecraft:brown_concrete":21,"minecraft:red_terracotta":1,"minecraft:stone":1,"minecraft:white_concrete":238,"minecraft:stripped_jungle_wood":247,"minecraft:blue_concrete":21,"minecraft:light_blue_stained_glass":25,"minecraft:stripped_birch_wood":6,"minecraft:gray_stained_glass":22,"minecraft:black_concrete":222},"minecraft:custom":{"minecraft:time_since_rest":33061,"minecraft:play_time":33061,"minecraft:sprint_one_cm":86584,"minecraft:crouch_one_cm":3990,"minecraft:interact_with_loom":1,"minecraft:walk_one_cm":132841,"minecraft:sneak_time":1444,"minecraft:jump":305,"minecraft:leave_game":1,"minecraft:time_since_death":33061,"minecraft:total_world_time":33061,"minecraft:fly_one_cm":534371}},"DataVersion":2730}