{"stats":{"minecraft:killed":{"minecraft:zombie":1,"minecraft:squid":2,"minecraft:wither_skeleton":2},"minecraft:killed_by":{"minecraft:player":1},"minecraft:dropped":{"minecraft:spruce_sign":1,"minecraft:daylight_detector":1,"minecraft:oak_log":2,"minecraft:baked_potato":3,"minecraft:dark_oak_slab":1,"minecraft:item_frame":64,"minecraft:dirt":1,"minecraft:stone_button":1,"minecraft:black_concrete":1,"minecraft:blue_bed":1,"minecraft:dark_oak_door":1,"minecraft:lever":2,"minecraft:polished_andesite_slab":1,"minecraft:oak_planks":1,"minecraft:birch_wood":1,"minecraft:honey_bottle":1,"minecraft:sandstone_wall":1,"minecraft:sea_lantern":1,"minecraft:birch_trapdoor":1,"minecraft:end_stone_bricks":1,"minecraft:bread":2,"minecraft:oak_slab":1,"minecraft:golden_helmet":2,"minecraft:spruce_door":1,"minecraft:polished_andesite":67,"minecraft:iron_block":3,"minecraft:milk_bucket":2,"minecraft:iron_trapdoor":1,"minecraft:white_concrete":1,"minecraft:iron_door":1,"minecraft:potion":1,"minecraft:tripwire_hook":1,"minecraft:spruce_sapling":2,"minecraft:bricks":1,"minecraft:blue_terracotta":1,"minecraft:anvil":1,"minecraft:gray_stained_glass":64,"minecraft:player_head":1,"minecraft:coarse_dirt":1,"minecraft:bowl":1,"minecraft:debug_stick":1,"minecraft:lightning_rod":1,"minecraft:filled_map":130,"minecraft:gray_terracotta":1,"minecraft:stone":2,"minecraft:flower_pot":1,"minecraft:spruce_trapdoor":1,"minecraft:quartz_stairs":1,"minecraft:purple_bed":1,"minecraft:sandstone":3,"minecraft:light_blue_terracotta":69,"minecraft:calcite":3},"minecraft:custom":{"minecraft:open_barrel":183,"minecraft:leave_game":129,"minecraft:time_since_death":36991,"minecraft:sprint_one_cm":1967501,"minecraft:drop":76,"minecraft:play_time":3846276,"minecraft:deaths":23,"minecraft:jump":10533,"minecraft:interact_with_brewingstand":2,"minecraft:walk_on_water_one_cm":168538,"minecraft:interact_with_furnace":1,"minecraft:interact_with_loom":15,"minecraft:sleep_in_bed":4,"minecraft:damage_dealt":1255,"minecraft:interact_with_beacon":13,"minecraft:player_kills":1,"minecraft:crouch_one_cm":359552,"minecraft:inspect_dispenser":6,"minecraft:interact_with_anvil":3,"minecraft:mob_kills":6,"minecraft:inspect_hopper":4,"minecraft:fill_cauldron":1,"minecraft:climb_one_cm":12499,"minecraft:walk_one_cm":7465343,"minecraft:sneak_time":137193,"minecraft:walk_under_water_one_cm":282711,"minecraft:interact_with_blast_furnace":6,"minecraft:total_world_time":4642598,"minecraft:pot_flower":2,"minecraft:interact_with_grindstone":1,"minecraft:interact_with_stonecutter":2,"minecraft:time_since_rest":37011,"minecraft:damage_taken":5712,"minecraft:swim_one_cm":32685,"minecraft:fly_one_cm":18756650,"minecraft:open_chest":27,"minecraft:fall_one_cm":64014},"minecraft:mined":{"minecraft:white_stained_glass_pane":1,"minecraft:gray_stained_glass":2},"minecraft:picked_up":{"minecraft:wheat":2,"minecraft:anvil":1,"minecraft:redstone_block":1,"minecraft:iron_trapdoor":1,"minecraft:flower_pot":1,"minecraft:diamond_sword":1,"minecraft:oak_sign":3,"minecraft:diamond_leggings":2,"minecraft:bucket":1,"minecraft:redstone_torch":5,"minecraft:calcite":3,"minecraft:dark_oak_door":2,"minecraft:golden_helmet":3,"minecraft:stick":2,"minecraft:birch_trapdoor":1,"minecraft:torch":4,"minecraft:sandstone_wall":1,"minecraft:lightning_rod":1,"minecraft:stone_sword":1,"minecraft:rotten_flesh":3,"minecraft:command_block":2,"minecraft:iron_block":2,"minecraft:repeater":1,"minecraft:iron_door":3,"minecraft:potato":1,"minecraft:dirt":1,"minecraft:lantern":2,"minecraft:bone":7,"minecraft:wheat_seeds":6,"minecraft:diamond_helmet":1,"minecraft:oak_planks":1,"minecraft:debug_stick":1,"minecraft:ink_sac":6,"minecraft:grass_block":2,"minecraft:polished_andesite":3,"minecraft:blue_terracotta":1,"minecraft:yellow_carpet":1,"minecraft:clay":1,"minecraft:light_blue_terracotta":4,"minecraft:black_concrete":1,"minecraft:lever":19,"minecraft:white_concrete":2,"minecraft:spruce_sign":4,"minecraft:bread":10,"minecraft:oak_sapling":3,"minecraft:light_gray_carpet":24,"minecraft:bricks":1,"minecraft:end_stone_bricks":1,"minecraft:coarse_dirt":1,"minecraft:splash_potion":2,"minecraft:redstone_lamp":1,"minecraft:cornflower":1,"minecraft:acacia_door":1,"minecraft:item_frame":42,"minecraft:player_head":1,"minecraft:quartz_stairs":1,"minecraft:birch_sapling":2,"minecraft:spruce_trapdoor":1,"minecraft:dark_oak_sapling":1,"minecraft:sandstone":2,"minecraft:stone":1,"minecraft:stone_button":12,"minecraft:redstone":6,"minecraft:carrot":4,"minecraft:stone_pressure_plate":7,"minecraft:deepslate_bricks":1,"minecraft:tripwire_hook":3,"minecraft:filled_map":40,"minecraft:oak_log":2,"minecraft:gunpowder":48,"minecraft:blue_bed":1,"minecraft:red_carpet":7,"minecraft:cooked_chicken":3591,"minecraft:glass_bottle":7,"minecraft:polished_andesite_slab":1,"minecraft:scaffolding":2,"minecraft:milk_bucket":1,"minecraft:dark_oak_slab":1,"minecraft:red_concrete_powder":1,"minecraft:daylight_detector":1,"minecraft:dandelion":2,"minecraft:spruce_sapling":4,"minecraft:sea_lantern":2,"minecraft:spruce_door":1,"minecraft:purple_bed":1,"minecraft:stone_axe":1,"minecraft:diamond_axe":3,"minecraft:oak_button":1,"minecraft:baked_potato":2,"minecraft:melon_seeds":1,"minecraft:coal":1},"minecraft:used":{"minecraft:nether_brick_fence":1,"minecraft:blue_terracotta":2030,"minecraft:polished_deepslate":1115,"minecraft:chiseled_deepslate":939,"minecraft:melon":2,"minecraft:dispenser":3,"minecraft:spruce_slab":117,"minecraft:ladder":48,"minecraft:oak_sign":103,"minecraft:chest":6,"minecraft:stone":8340,"minecraft:zombie_spawn_egg":1,"minecraft:stripped_jungle_wood":668,"minecraft:quartz_stairs":361,"minecraft:player_head":1,"minecraft:green_terracotta":20,"minecraft:iron_chestplate":1,"minecraft:debug_stick":55,"minecraft:cut_copper":12,"minecraft:brick_slab":97,"minecraft:jungle_planks":80,"minecraft:acacia_sapling":70,"minecraft:magenta_candle":1,"minecraft:tuff":78,"minecraft:beehive":30,"minecraft:stripped_spruce_log":95,"minecraft:milk_bucket":4,"minecraft:spruce_boat":1,"minecraft:polished_blackstone_slab":11,"minecraft:glass":136,"minecraft:honeycomb":1,"minecraft:lava_bucket":207,"minecraft:netherite_shovel":13,"minecraft:bricks":5546,"minecraft:coal_ore":1,"minecraft:quartz_slab":7,"minecraft:red_wool":557,"minecraft:lantern":21,"minecraft:grass_block":442,"minecraft:birch_sapling":210,"minecraft:polished_andesite_stairs":17,"minecraft:quartz_block":5,"minecraft:wet_sponge":6,"minecraft:light_blue_bed":9,"minecraft:dark_oak_slab":28,"minecraft:stone_brick_stairs":201,"minecraft:stone_bricks":122,"minecraft:item_frame":2851,"minecraft:rabbit_stew":1,"minecraft:bedrock":11,"minecraft:birch_trapdoor":9,"minecraft:repeater":418,"minecraft:red_carpet":241,"minecraft:redstone_lamp":611,"minecraft:magma_block":69,"minecraft:hay_block":98,"minecraft:scaffolding":136,"minecraft:oak_sapling":523,"minecraft:furnace":5,"minecraft:seagrass":13,"minecraft:dark_prismarine_stairs":33,"minecraft:dark_oak_sapling":451,"minecraft:light_blue_carpet":3,"minecraft:dark_oak_stairs":7,"minecraft:diorite":316,"minecraft:end_rod":3,"minecraft:end_stone_bricks":1264,"minecraft:diamond_boots":1,"minecraft:spruce_door":94,"minecraft:brick_wall":44,"minecraft:infested_stone":45,"minecraft:acacia_trapdoor":5,"minecraft:dark_oak_sign":10,"minecraft:blackstone_stairs":3,"minecraft:oak_planks":1625,"minecraft:birch_wood":1,"minecraft:blackstone":38,"minecraft:sandstone":1015,"minecraft:redstone_block":590,"minecraft:composter":30,"minecraft:end_stone_brick_slab":47,"minecraft:blue_bed":5,"minecraft:clay":3787,"minecraft:smooth_quartz_stairs":6,"minecraft:oak_leaves":60,"minecraft:white_wool":634,"minecraft:dark_oak_trapdoor":26,"minecraft:sand":470,"minecraft:yellow_terracotta":6,"minecraft:lime_stained_glass_pane":1,"minecraft:loom":247,"minecraft:blast_furnace":15,"minecraft:smooth_red_sandstone":11,"minecraft:black_banner":2,"minecraft:yellow_concrete":15,"minecraft:sponge":8,"minecraft:chiseled_quartz_block":200,"minecraft:dripstone_block":40,"minecraft:stone_brick_wall":59,"minecraft:black_bed":9,"minecraft:black_concrete_powder":1,"minecraft:squid_spawn_egg":2,"minecraft:red_sandstone_wall":25,"minecraft:lightning_rod":1088,"minecraft:birch_fence":88,"minecraft:creeper_spawn_egg":42,"minecraft:redstone_torch":21,"minecraft:black_terracotta":8,"minecraft:sticky_piston":11,"minecraft:lever":460,"minecraft:black_concrete":1106,"minecraft:daylight_detector":66,"minecraft:birch_fence_gate":1,"minecraft:acacia_door":2,"minecraft:dark_oak_log":15,"minecraft:birch_slab":24,"minecraft:light_gray_concrete":5010,"minecraft:heavy_weighted_pressure_plate":2,"minecraft:barrier":3,"minecraft:stone_button":136,"minecraft:red_terracotta":65,"minecraft:polished_granite":1830,"minecraft:oak_pressure_plate":4,"minecraft:iron_door":45,"minecraft:deepslate":711,"minecraft:prismarine_wall":181,"minecraft:gravel":3,"minecraft:polished_andesite_slab":92,"minecraft:golden_helmet":1,"minecraft:smooth_red_sandstone_slab":9,"minecraft:grindstone":14,"minecraft:dark_oak_fence":22,"minecraft:waxed_oxidized_cut_copper_stairs":40,"minecraft:andesite":476,"minecraft:birch_log":44,"minecraft:chain":53,"minecraft:smooth_stone_slab":62,"minecraft:waxed_cut_copper_stairs":6,"minecraft:white_concrete":7567,"minecraft:coarse_dirt":21,"minecraft:warped_button":1,"minecraft:bone_meal":1869,"minecraft:cobweb":6,"minecraft:gray_stained_glass":473,"minecraft:azalea":5,"minecraft:oak_fence":45,"minecraft:oak_trapdoor":27,"minecraft:petrified_oak_slab":759,"minecraft:netherite_sword":8,"minecraft:iron_bars":189,"minecraft:acacia_log":15,"minecraft:armor_stand":2,"minecraft:red_concrete":81,"minecraft:redstone":195,"minecraft:light_gray_carpet":4931,"minecraft:light_blue_terracotta":2445,"minecraft:spruce_planks":945,"minecraft:tinted_glass":43,"minecraft:wither_skeleton_spawn_egg":95,"minecraft:stripped_birch_wood":10233,"minecraft:cooked_salmon":5,"minecraft:sandstone_wall":39,"minecraft:cooked_chicken":2,"minecraft:dried_kelp_block":97,"minecraft:oak_door":1,"minecraft:torch":7,"minecraft:brewing_stand":3,"minecraft:dirt":22,"minecraft:anvil":17,"minecraft:hopper":21,"minecraft:twisting_vines":1,"minecraft:spruce_stairs":183,"minecraft:cobblestone_wall":33,"minecraft:diamond_helmet":1,"minecraft:stone_stairs":54,"minecraft:nether_brick_slab":177,"minecraft:yellow_carpet":198,"minecraft:spruce_fence":255,"minecraft:blue_concrete":187,"minecraft:nether_brick_stairs":156,"minecraft:polished_diorite":673,"minecraft:shroomlight":1,"minecraft:birch_door":50,"minecraft:stone_brick_slab":22,"minecraft:dark_oak_planks":1227,"minecraft:sea_lantern":398,"minecraft:bookshelf":8,"minecraft:waxed_cut_copper":16,"minecraft:iron_block":2039,"minecraft:oak_stairs":246,"minecraft:brick_stairs":99,"minecraft:acacia_slab":35,"minecraft:iron_boots":1,"minecraft:smooth_quartz":8,"minecraft:lime_dye":2,"minecraft:barrel":191,"minecraft:smooth_basalt":125,"minecraft:diamond_chestplate":1,"minecraft:light_gray_wool":18,"minecraft:tripwire_hook":43,"minecraft:purple_concrete":62,"minecraft:glowstone":29,"minecraft:lime_concrete":17,"minecraft:warped_stairs":2,"minecraft:iron_trapdoor":92,"minecraft:white_stained_glass_pane":26,"minecraft:stone_pressure_plate":11,"minecraft:granite_wall":135,"minecraft:red_dye":2,"minecraft:acacia_planks":48,"minecraft:cobbled_deepslate":1079,"minecraft:observer":11,"minecraft:iron_leggings":1,"minecraft:beetroot_soup":1,"minecraft:pointed_dripstone":50,"minecraft:calcite":1852,"minecraft:quartz_bricks":55,"minecraft:water_bucket":205,"minecraft:warped_stem":10,"minecraft:nether_brick_wall":7,"minecraft:cobblestone_stairs":2,"minecraft:light_blue_glazed_terracotta":141,"minecraft:dirt_path":1,"minecraft:sandstone_stairs":60,"minecraft:lodestone":19,"minecraft:birch_planks":339,"minecraft:polished_andesite":15967,"minecraft:baked_potato":6,"minecraft:copper_block":2,"minecraft:spruce_sign":25,"minecraft:cauldron":21,"minecraft:stonecutter":22,"minecraft:fletching_table":1,"minecraft:beacon":91,"minecraft:red_glazed_terracotta":26,"minecraft:chiseled_nether_bricks":3,"minecraft:glow_ink_sac":11,"minecraft:vindicator_spawn_egg":15,"minecraft:deepslate_bricks":1,"minecraft:polished_blackstone_bricks":563,"minecraft:orange_carpet":5,"minecraft:light_gray_banner":19,"minecraft:rail":4,"minecraft:comparator":3,"minecraft:oak_slab":32,"minecraft:dark_prismarine_slab":142,"minecraft:magenta_bed":1,"minecraft:campfire":9,"minecraft:white_bed":2,"minecraft:painting":75,"minecraft:spruce_log":3,"minecraft:warped_planks":15,"minecraft:smoker":8,"minecraft:dark_oak_door":52,"minecraft:small_amethyst_bud":1,"minecraft:oak_log":167,"minecraft:gray_terracotta":3093,"minecraft:piston":52,"minecraft:flower_pot":31,"minecraft:light":235,"minecraft:acacia_stairs":22,"minecraft:activator_rail":2,"minecraft:command_block":56,"minecraft:oak_button":1,"minecraft:map":12,"minecraft:detector_rail":11,"minecraft:jungle_stairs":40,"minecraft:stone_slab":687,"minecraft:spruce_trapdoor":40,"minecraft:spruce_sapling":351,"minecraft:crimson_sign":2,"minecraft:blue_carpet":2,"minecraft:green_carpet":173,"minecraft:chiseled_stone_bricks":73,"minecraft:potion":18,"minecraft:purple_bed":15,"minecraft:acacia_pressure_plate":1,"minecraft:red_concrete_powder":353,"minecraft:white_banner":2,"minecraft:porkchop":1,"minecraft:jungle_door":1,"minecraft:glass_pane":5,"minecraft:end_portal_frame":2,"minecraft:polished_blackstone_button":1,"minecraft:diamond_leggings":1,"minecraft:splash_potion":42,"minecraft:smooth_stone":2150,"minecraft:birch_stairs":34}},"DataVersion":2865}